<?xml version="1.0"?>
<!--<!DOCTYPE metadata SYSTEM "http://www.esri.com/metadata/esriprof80.dtd">-->
<metadata xml:lang="en"><Esri><CreaDate>20120913</CreaDate><CreaTime>09083500</CreaTime><SyncOnce>TRUE</SyncOnce><DataProperties><lineage><Process Name="CreateFeatureclass_1" ToolSource="C:\Program Files\ArcGIS\ArcToolbox\Toolboxes\Data Management Tools.tbx\CreateFeatureclass" Date="20120823" Time="101953">CreateFeatureclass V:\tjk\Trails\aggregate\latest roads_n_trails POLYLINE roads_n_trails_update_edits DISABLED DISABLED "PROJCS['NAD_1983_StatePlane_Ohio_North_FIPS_3401_Feet',GEOGCS['GCS_North_American_1983',DATUM['D_North_American_1983',SPHEROID['GRS_1980',6378137.0,298.257222101]],PRIMEM['Greenwich',0.0],UNIT['Degree',0.0174532925199433]],PROJECTION['Lambert_Conformal_Conic'],PARAMETER['False_Easting',1968500.0],PARAMETER['False_Northing',0.0],PARAMETER['Central_Meridian',-82.5],PARAMETER['Standard_Parallel_1',40.43333333333333],PARAMETER['Standard_Parallel_2',41.7],PARAMETER['Latitude_Of_Origin',39.66666666666666],UNIT['Foot_US',0.3048006096012192]];-118963900 -96373800 3048.00609601219;#;#;3.28083333333333E-03;#;#;IsHighPrecision" # 0 0 0 V:\tjk\Trails\aggregate\latest\roads_n_trails.shp</Process></lineage></DataProperties><MetaID>{0FCA41C9-0EFB-4D61-9CCA-7C00E6D9D3FD}</MetaID></Esri><idinfo><citation><citeinfo><onlink Sync="TRUE"></onlink></citeinfo></citation></idinfo><distInfo><distributor><distorTran><onLineSrc><linkage Sync="TRUE">file://</linkage><protocol Sync="TRUE">Local Area Network</protocol></onLineSrc></distorTran></distributor></distInfo><dataqual><lineage><procstep><procdesc Sync="TRUE">Dataset copied.</procdesc><srcused Sync="TRUE"></srcused><procdate Sync="TRUE">20120913</procdate><proctime Sync="TRUE">09083500</proctime></procstep></lineage></dataqual></metadata>
